id,predicted_label
0,4
1,5
2,2
3,4
4,4
5,4
6,2
7,3
8,3
9,5
10,3
11,6
12,4
13,4
14,5
15,2
16,4
17,2
18,2
19,6
20,4
21,6
22,3
23,3
24,3
25,4
26,3
27,6
28,3
29,5
30,3
31,6
32,2
33,3
34,0
35,4
36,4
37,0
38,6
39,3
40,4
41,0
42,3
43,5
44,2
45,6
46,3
47,2
48,0
49,0
50,0
51,0
52,2
53,4
54,4
55,6
56,2
57,0
58,4
59,6
60,5
61,6
62,3
63,3
64,2
65,3
66,3
67,3
68,0
69,4
70,4
71,6
72,6
73,3
74,0
75,0
76,6
77,3
78,6
79,5
80,2
81,2
82,3
83,4
84,3
85,6
86,3
87,4
88,0
89,0
90,4
91,5
92,6
93,4
94,6
95,6
96,3
97,6
98,6
99,2
100,6
101,3
102,2
103,6
104,2
105,2
106,5
107,3
108,4
109,6
110,0
111,4
112,0
113,5
114,3
115,4
116,3
117,6
118,3
119,4
120,3
121,3
122,0
123,2
124,2
125,0
126,3
127,6
128,6
129,3
130,0
131,3
132,3
133,3
134,6
135,4
136,3
137,0
138,3
139,3
140,4
141,4
142,2
143,6
144,3
145,6
146,6
147,2
148,0
149,2
150,4
151,0
152,3
153,5
154,3
155,5
156,4
157,6
158,2
159,6
160,6
161,3
162,6
163,6
164,5
165,3
166,4
167,0
168,0
169,3
170,3
171,3
172,0
173,6
174,4
175,4
176,0
177,2
178,6
179,5
180,0
181,0
182,6
183,4
184,5
185,6
186,6
187,2
188,0
189,6
190,2
191,3
192,6
193,2
194,3
195,3
196,6
197,4
198,4
199,2
200,4
201,3
202,6
203,4
204,4
205,6
206,0
207,3
208,0
209,6
210,0
211,3
212,2
213,2
214,2
215,6
216,6
217,3
218,6
219,4
220,3
221,2
222,3
223,4
224,4
225,0
226,6
227,3
228,2
229,3
230,0
231,3
232,3
233,4
234,2
235,6
236,3
237,3
238,2
239,0
240,6
241,2
242,3
243,3
244,3
245,4
246,3
247,5
248,4
249,6
250,4
251,0
252,5
253,3
254,0
255,0
256,3
257,2
258,3
259,0
260,3
261,4
262,6
263,6
264,4
265,5
266,3
267,0
268,0
269,3
270,4
271,5
272,6
273,0
274,2
275,4
276,3
277,6
278,3
279,4
280,4
281,0
282,4
283,6
284,0
285,4
286,4
287,6
288,3
289,0
290,0
291,2
292,4
293,5
294,6
295,2
296,6
297,6
298,6
299,3
300,3
301,2
302,5
303,0
304,4
305,6
306,3
307,2
308,3
309,3
310,6
311,0
312,2
313,3
314,4
315,3
316,0
317,3
318,4
319,6
320,0
321,3
322,2
323,5
324,0
325,6
326,3
327,3
328,0
329,3
330,3
331,3
332,3
333,0
334,0
335,6
336,3
337,5
338,3
339,2
340,4
341,0
342,5
343,0
344,2
345,2
346,0
347,6
348,5
349,2
350,3
351,6
352,6
353,6
354,6
355,6
356,2
357,3
358,4
359,0
360,3
361,2
362,0
363,2
364,6
365,3
366,2
367,2
368,2
369,3
370,3
371,3
372,3
373,0
374,3
375,5
376,5
377,2
378,0
379,6
380,4
381,5
382,3
383,3
384,2
385,3
386,2
387,4
388,0
389,2
390,3
391,6
392,0
393,2
394,2
395,2
396,5
397,3
398,3
399,3
400,3
401,6
402,3
403,5
404,3
405,6
406,3
407,4
408,5
409,6
410,3
411,4
412,3
413,6
414,3
415,6
416,3
417,3
418,0
419,3
420,0
421,3
422,3
423,3
424,6
425,4
426,6
427,2
428,4
429,5
430,6
431,4
432,3
433,3
434,6
435,6
436,4
437,6
438,2
439,4
440,0
441,0
442,6
443,3
444,0
445,6
446,1
447,2
448,5
449,5
450,5
451,5
452,0
453,3
454,3
455,6
456,2
457,3
458,2
459,3
460,0
461,5
462,2
463,6
464,2
465,2
466,5
467,0
468,6
469,2
470,0
471,2
472,4
473,2
474,4
475,6
476,4
477,6
478,3
479,5
480,6
481,4
482,6
483,2
484,5
485,5
486,6
487,0
488,3
489,4
490,0
491,2
492,4
493,6
494,0
495,4
496,4
497,5
498,5
499,5
500,3
501,6
502,2
503,4
504,3
505,3
506,4
507,2
508,0
509,6
510,3
511,2
512,5
513,6
514,5
515,3
516,6
517,0
518,5
519,4
520,0
521,3
522,6
523,2
524,3
525,4
526,0
527,2
528,6
529,5
530,4
531,4
532,3
533,2
534,2
535,2
536,0
537,3
538,2
539,0
540,4
541,6
542,5
543,3
544,0
545,2
546,6
547,2
548,0
549,5
550,4
551,2
552,4
553,3
554,3
555,3
556,4
557,4
558,3
559,3
560,4
561,5
562,2
563,0
564,3
565,0
566,3
567,0
568,6
569,3
570,3
571,3
572,0
573,3
574,6
575,2
576,3
577,4
578,0
579,3
580,0
581,4
582,6
583,2
584,0
585,0
586,6
587,4
588,4
589,0
590,5
591,2
592,6
593,2
594,0
595,3
596,4
597,4
598,6
599,2
600,0
601,5
602,5
603,3
604,5
605,2
606,6
607,4
608,4
609,3
610,4
611,3
612,3
613,5
614,0
615,3
616,5
617,6
618,0
619,6
620,3
621,3
622,3
623,6
624,5
625,4
626,5
627,3
628,2
629,0
630,3
631,2
632,2
633,2
634,3
635,3
636,0
637,4
638,5
639,4
640,3
641,4
642,3
643,4
644,4
645,4
646,6
647,4
648,3
649,2
650,2
651,0
652,2
653,2
654,5
655,6
656,3
657,4
658,4
659,4
660,3
661,4
662,4
663,5
664,3
665,3
666,3
667,0
668,0
669,5
670,5
671,2
672,4
673,0
674,3
675,3
676,0
677,4
678,0
679,5
680,6
681,3
682,0
683,6
684,4
685,3
686,0
687,4
688,6
689,6
690,2
691,4
692,5
693,6
694,0
695,4
696,3
697,4
698,2
699,2
700,4
701,2
702,4
703,0
704,0
705,0
706,6
707,0
708,3
709,4
710,0
711,3
712,0
713,2
714,0
715,3
716,6
717,2
718,4
719,3
720,3
721,6
722,2
723,3
724,3
725,4
726,0
727,6
728,2
729,6
730,6
731,2
732,0
733,6
734,5
735,4
736,6
737,4
738,4
739,6
740,2
741,0
742,3
743,3
744,4
745,5
746,0
747,5
748,6
749,4
750,2
751,3
752,0
753,0
754,2
755,4
756,0
757,0
758,3
759,5
760,4
761,0
762,6
763,2
764,6
765,3
766,2
767,5
768,5
769,0
770,3
771,0
772,4
773,5
774,6
775,5
776,5
777,4
778,2
779,3
780,4
781,3
782,3
783,4
784,4
785,2
786,0
787,4
788,4
789,6
790,3
791,6
792,4
793,5
794,3
795,2
796,2
797,0
798,2
799,4
800,4
801,6
802,4
803,6
804,2
805,4
806,6
807,6
808,2
809,0
810,2
811,5
812,3
813,3
814,6
815,0
816,0
817,2
818,3
819,6
820,6
821,3
822,3
823,4
824,6
825,4
826,4
827,6
828,6
829,4
830,6
831,3
832,4
833,3
834,3
835,3
836,4
837,3
838,2
839,2
840,3
841,4
842,3
843,6
844,5
845,5
846,0
847,4
848,6
849,6
850,0
851,3
852,2
853,2
854,0
855,4
856,5
857,4
858,4
859,4
860,4
861,3
862,3
863,0
864,3
865,3
866,3
867,6
868,3
869,4
870,3
871,3
872,3
873,2
874,3
875,6
876,3
877,6
878,5
879,4
880,5
881,3
882,4
883,3
884,3
885,6
886,1
887,4
888,3
889,5
890,3
891,5
892,2
893,4
894,2
895,5
896,6
897,0
898,4
899,0
900,2
901,2
902,2
903,0
904,3
905,3
906,4
907,4
908,6
909,5
910,6
911,3
912,3
913,3
914,4
915,5
916,0
917,6
918,0
919,5
920,6
921,6
922,0
923,2
924,2
925,6
926,3
927,2
928,6
929,0
930,3
931,2
932,4
933,4
934,2
935,4
936,3
937,6
938,3
939,2
940,4
941,2
942,4
943,5
944,6
945,3
946,3
947,5
948,6
949,3
950,4
951,6
952,3
953,2
954,0
955,4
956,3
957,3
958,5
959,2
960,3
961,4
962,3
963,5
964,5
965,0
966,2
967,3
968,4
969,0
970,0
971,6
972,0
973,3
974,3
975,0
976,4
977,3
978,5
979,4
980,4
981,3
982,4
983,5
984,6
985,3
986,3
987,4
988,2
989,0
990,5
991,3
992,0
993,3
994,4
995,6
996,3
997,6
998,6
999,4
1000,0
1001,6
1002,0
1003,0
1004,6
1005,2
1006,0
1007,2
1008,6
1009,4
1010,3
1011,3
1012,2
1013,4
1014,5
1015,4
1016,3
1017,6
1018,3
1019,0
1020,4
1021,0
1022,6
1023,4
1024,4
1025,2
1026,6
1027,5
1028,6
1029,5
1030,6
1031,3
1032,3
1033,3
1034,3
1035,3
1036,2
1037,2
1038,4
1039,0
1040,4
1041,3
1042,6
1043,2
1044,4
1045,2
1046,0
1047,0
1048,6
1049,3
1050,4
1051,5
1052,2
1053,6
1054,3
1055,2
1056,2
1057,3
1058,6
1059,0
1060,3
1061,3
1062,3
1063,3
1064,0
1065,5
1066,4
1067,3
1068,3
1069,2
1070,6
1071,0
1072,2
1073,0
1074,6
1075,3
1076,6
1077,3
1078,3
1079,5
1080,3
1081,5
1082,4
1083,2
1084,6
1085,3
1086,6
1087,3
1088,2
1089,3
1090,3
1091,3
1092,5
1093,0
1094,2
1095,0
1096,5
1097,4
1098,6
1099,4
1100,2
1101,3
1102,3
1103,3
1104,6
1105,0
1106,4
1107,0
1108,5
1109,2
1110,3
1111,2
1112,5
1113,3
1114,5
1115,6
1116,0
1117,4
1118,0
1119,4
1120,0
1121,3
1122,0
1123,0
1124,4
1125,5
1126,6
1127,4
1128,0
1129,6
1130,2
1131,3
1132,1
1133,6
1134,6
1135,4
1136,6
1137,3
1138,0
1139,5
1140,0
1141,0
1142,2
1143,4
1144,0
1145,0
1146,6
1147,6
1148,2
1149,4
1150,3
1151,4
1152,6
1153,0
1154,6
1155,6
1156,6
1157,2
1158,3
1159,3
1160,0
1161,3
1162,2
1163,0
1164,6
1165,2
1166,3
1167,1
1168,5
1169,6
1170,3
1171,4
1172,2
1173,3
1174,6
1175,4
1176,3
1177,2
1178,6
1179,3
1180,6
1181,2
1182,3
1183,5
1184,6
1185,3
1186,6
1187,3
1188,5
1189,4
1190,6
1191,2
1192,6
1193,3
1194,2
1195,6
1196,4
1197,3
1198,3
1199,6
1200,6
1201,3
1202,4
1203,4
1204,3
1205,6
1206,6
1207,2
1208,3
1209,4
1210,3
1211,4
1212,5
1213,3
1214,3
1215,5
1216,0
1217,5
1218,0
1219,2
1220,4
1221,5
1222,6
1223,4
1224,1
1225,2
1226,3
1227,4
1228,0
1229,0
1230,5
1231,3
1232,0
1233,3
1234,3
1235,4
1236,4
1237,4
1238,3
1239,3
1240,5
1241,3
1242,4
1243,5
1244,0
1245,0
1246,4
1247,4
1248,3
1249,3
1250,3
1251,6
1252,2
1253,3
1254,6
1255,4
1256,0
1257,6
1258,2
1259,2
1260,3
1261,2
1262,3
1263,6
1264,6
1265,6
1266,0
1267,6
1268,0
1269,6
1270,3
1271,2
1272,0
1273,4
1274,6
1275,5
1276,4
1277,4
1278,6
1279,6
1280,5
1281,3
1282,3
1283,4
1284,4
1285,3
1286,3
1287,2
1288,5
1289,3
1290,2
1291,3
1292,6
1293,6
1294,6
1295,0
1296,4
1297,0
1298,6
1299,3
1300,0
1301,4
1302,6
1303,2
1304,2
1305,5
1306,3
1307,2
1308,4
1309,0
1310,6
1311,6
1312,3
1313,4
1314,6
1315,6
1316,3
1317,4
1318,4
1319,4
1320,3
1321,6
1322,3
1323,0
1324,3
1325,4
1326,0
1327,6
1328,5
1329,4
1330,4
1331,3
1332,2
1333,6
1334,3
1335,2
1336,0
1337,3
1338,6
1339,4
1340,6
1341,3
1342,3
1343,0
1344,6
1345,3
1346,0
1347,5
1348,3
1349,3
1350,4
1351,3
1352,2
1353,0
1354,3
1355,6
1356,2
1357,4
1358,4
1359,4
1360,5
1361,6
1362,2
1363,4
1364,6
1365,3
1366,6
1367,3
1368,2
1369,6
1370,0
1371,6
1372,2
1373,4
1374,4
1375,3
1376,2
1377,2
1378,6
1379,5
1380,6
1381,4
1382,5
1383,0
1384,4
1385,4
1386,0
1387,6
1388,6
1389,6
1390,4
1391,4
1392,3
1393,4
1394,6
1395,6
1396,6
1397,2
1398,4
1399,3
1400,3
1401,0
1402,4
1403,6
1404,4
1405,6
1406,6
1407,4
1408,6
1409,6
1410,2
1411,4
1412,0
1413,0
1414,6
1415,6
1416,0
1417,6
1418,3
1419,2
1420,6
1421,3
1422,6
1423,3
1424,0
1425,6
1426,2
1427,6
1428,4
1429,3
1430,0
1431,5
1432,0
1433,2
1434,5
1435,2
1436,0
1437,5
1438,2
1439,0
1440,3
1441,4
1442,4
1443,3
1444,2
1445,3
1446,0
1447,3
1448,3
1449,2
1450,0
1451,3
1452,0
1453,6
1454,2
1455,3
1456,5
1457,5
1458,2
1459,4
1460,5
1461,6
1462,3
1463,3
1464,2
1465,5
1466,4
1467,6
1468,4
1469,4
1470,0
1471,3
1472,3
1473,3
1474,3
1475,3
1476,2
1477,3
1478,3
1479,3
1480,2
1481,3
1482,3
1483,5
1484,6
1485,6
1486,2
1487,5
1488,3
1489,3
1490,0
1491,6
1492,0
1493,2
1494,5
1495,3
1496,6
1497,6
1498,5
1499,4
1500,2
1501,2
1502,0
1503,6
1504,2
1505,2
1506,6
1507,6
1508,6
1509,3
1510,2
1511,6
1512,5
1513,3
1514,3
1515,6
1516,5
1517,6
1518,3
1519,0
1520,0
1521,1
1522,6
1523,4
1524,5
1525,3
1526,4
1527,3
1528,0
1529,0
1530,5
1531,6
1532,3
1533,4
1534,0
1535,5
1536,5
1537,3
1538,3
1539,4
1540,4
1541,2
1542,0
1543,3
1544,3
1545,0
1546,0
1547,4
1548,6
1549,6
1550,6
1551,3
1552,3
1553,4
1554,4
1555,6
1556,4
1557,4
1558,4
1559,4
1560,4
1561,5
1562,3
1563,2
1564,4
1565,0
1566,0
1567,3
1568,0
1569,3
1570,5
1571,6
1572,0
1573,3
1574,2
1575,5
1576,5
1577,3
1578,5
1579,4
1580,3
1581,0
1582,3
1583,5
1584,5
1585,2
1586,3
1587,4
1588,3
1589,2
1590,3
1591,0
1592,1
1593,5
1594,4
1595,3
1596,6
1597,4
1598,4
1599,3
1600,2
1601,3
1602,5
1603,4
1604,3
1605,5
1606,0
1607,2
1608,5
1609,5
1610,4
1611,2
1612,0
1613,4
1614,2
1615,2
1616,4
1617,6
1618,2
1619,3
1620,5
1621,2
1622,6
1623,2
1624,3
1625,6
1626,4
1627,2
1628,2
1629,5
1630,2
1631,6
1632,5
1633,4
1634,0
1635,4
1636,1
1637,0
1638,4
1639,0
1640,5
1641,3
1642,2
1643,0
1644,2
1645,6
1646,0
1647,4
1648,0
1649,4
1650,4
1651,2
1652,6
1653,2
1654,3
1655,2
1656,4
1657,4
1658,0
1659,4
1660,2
1661,2
1662,4
1663,4
1664,2
1665,3
1666,6
1667,5
1668,3
1669,3
1670,4
1671,3
1672,6
1673,0
1674,5
1675,3
1676,5
1677,2
1678,6
1679,6
1680,4
1681,6
1682,4
1683,4
1684,4
1685,3
1686,3
1687,4
1688,0
1689,4
1690,6
1691,6
1692,3
1693,3
1694,3
1695,0
1696,5
1697,6
1698,3
1699,6
1700,4
1701,6
1702,4
1703,0
1704,6
1705,4
1706,4
1707,5
1708,3
1709,3
1710,3
1711,3
1712,0
1713,3
1714,2
1715,3
1716,2
1717,0
1718,2
1719,0
1720,2
1721,3
1722,6
1723,2
1724,2
1725,2
1726,5
1727,2
1728,6
1729,2
1730,3
1731,5
1732,4
1733,3
1734,3
1735,4
1736,6
1737,6
1738,2
1739,0
1740,2
1741,4
1742,4
1743,3
1744,0
1745,2
1746,5
1747,5
1748,2
1749,0
1750,4
1751,3
1752,5
1753,2
1754,6
1755,4
1756,4
1757,6
1758,6
1759,2
1760,4
1761,3
1762,3
1763,3
1764,6
1765,4
1766,4
1767,5
1768,0
1769,4
1770,5
1771,1
1772,6
1773,3
1774,5
1775,5
1776,4
1777,6
1778,2
1779,6
1780,6
1781,2
1782,4
1783,4
1784,1
1785,5
1786,3
1787,4
1788,0
1789,6
1790,4
1791,0
1792,4
1793,5
1794,4
1795,4
1796,6
1797,6
1798,6
1799,6
1800,3
1801,3
1802,2
1803,0
1804,3
1805,2
1806,3
1807,5
1808,2
1809,2
1810,5
1811,3
1812,4
1813,0
1814,3
1815,3
1816,3
1817,4
1818,6
1819,2
1820,0
1821,3
1822,3
1823,4
1824,4
1825,3
1826,2
1827,3
1828,6
1829,2
1830,5
1831,2
1832,0
1833,3
1834,3
1835,3
1836,5
1837,3
1838,6
1839,2
1840,3
1841,4
1842,4
1843,3
1844,4
1845,4
1846,2
1847,2
1848,6
1849,4
1850,3
1851,2
1852,3
1853,2
1854,4
1855,6
1856,6
1857,3
1858,2
1859,0
1860,6
1861,0
1862,3
1863,3
1864,2
1865,3
1866,0
1867,6
1868,6
1869,4
1870,3
1871,3
1872,3
1873,0
1874,5
1875,5
1876,3
1877,5
1878,6
1879,5
1880,3
1881,0
1882,6
1883,5
1884,2
1885,0
1886,3
1887,3
1888,5
1889,4
1890,6
1891,0
1892,6
1893,2
1894,4
1895,3
1896,0
1897,3
1898,6
1899,6
1900,6
1901,5
1902,4
1903,4
1904,2
1905,5
1906,6
1907,4
1908,2
1909,3
1910,3
1911,4
1912,4
1913,0
1914,2
1915,6
1916,6
1917,0
1918,2
1919,2
1920,4
1921,4
1922,3
1923,3
1924,5
1925,3
1926,3
1927,6
1928,6
1929,3
1930,3
1931,0
1932,3
1933,2
1934,3
1935,3
1936,6
1937,4
1938,3
1939,6
1940,4
1941,2
1942,3
1943,6
1944,3
1945,2
1946,6
1947,6
1948,6
1949,6
1950,5
1951,4
1952,0
1953,6
1954,0
1955,4
1956,3
1957,2
1958,3
1959,2
1960,6
1961,0
1962,2
1963,2
1964,3
1965,6
1966,4
1967,3
1968,3
1969,3
1970,5
1971,2
1972,4
1973,4
1974,3
1975,2
1976,3
1977,3
1978,4
1979,2
1980,3
1981,4
1982,6
1983,3
1984,4
1985,2
1986,3
1987,3
1988,5
1989,4
1990,0
1991,4
1992,1
1993,2
1994,3
1995,5
1996,3
1997,6
1998,3
1999,0
2000,2
2001,0
2002,3
2003,3
2004,2
2005,4
2006,3
2007,6
2008,2
2009,3
2010,6
2011,0
2012,6
2013,0
2014,4
2015,5
2016,4
2017,4
2018,4
2019,3
2020,3
2021,4
2022,6
2023,6
2024,5
2025,3
2026,6
2027,4
2028,6
2029,4
2030,6
2031,5
2032,4
2033,4
2034,4
2035,3
2036,5
2037,4
2038,5
2039,6
2040,5
2041,6
2042,3
2043,3
2044,3
2045,6
2046,6
2047,6
2048,6
2049,4
2050,0
2051,6
2052,6
2053,2
2054,3
2055,4
2056,2
2057,4
2058,3
2059,4
2060,6
2061,3
2062,6
2063,2
2064,4
2065,3
2066,4
2067,6
2068,2
2069,0
2070,4
2071,3
2072,4
2073,0
2074,2
2075,2
2076,6
2077,6
2078,0
2079,3
2080,3
2081,4
2082,0
2083,2
2084,6
2085,4
2086,3
2087,6
2088,6
2089,4
2090,2
2091,6
2092,4
2093,4
2094,6
2095,4
2096,2
2097,2
2098,6
2099,2
2100,4
2101,3
2102,3
2103,2
2104,0
2105,5
2106,3
2107,4
2108,4
2109,6
2110,0
2111,2
2112,3
2113,3
2114,4
2115,3
2116,0
2117,5
2118,2
2119,5
2120,2
2121,2
2122,4
2123,3
2124,4
2125,6
2126,2
2127,0
2128,4
2129,4
2130,6
2131,0
2132,6
2133,2
2134,0
2135,5
2136,4
2137,0
2138,4
2139,4
2140,0
2141,0
2142,2
2143,3
2144,6
2145,2
2146,4
2147,0
2148,4
2149,3
2150,0
2151,0
2152,5
2153,5
2154,2
2155,5
2156,4
2157,4
2158,3
2159,2
2160,6
2161,6
2162,4
2163,0
2164,3
2165,6
2166,3
2167,5
2168,2
2169,4
2170,0
2171,0
2172,0
2173,3
2174,6
2175,2
2176,2
2177,0
2178,3
2179,4
2180,2
2181,2
2182,4
2183,0
2184,3
2185,6
2186,0
2187,3
2188,2
2189,4
2190,2
2191,5
2192,0
2193,5
2194,6
2195,3
2196,4
2197,3
2198,6
2199,0
2200,5
2201,2
2202,5
2203,6
2204,3
2205,4
2206,5
2207,3
2208,2
2209,0
2210,3
2211,5
2212,4
2213,4
2214,3
2215,0
2216,0
2217,2
2218,2
2219,5
2220,3
2221,6
2222,2
2223,6
2224,0
2225,3
2226,3
2227,6
2228,6
2229,6
2230,4
2231,6
2232,6
2233,4
2234,0
2235,3
2236,5
2237,5
2238,3
2239,5
2240,0
2241,3
2242,6
2243,3
2244,3
2245,0
2246,0
2247,6
2248,3
2249,2
2250,5
2251,2
2252,6
2253,4
2254,4
2255,3
2256,3
2257,3
2258,5
2259,0
2260,3
2261,0
2262,5
2263,4
2264,3
2265,6
2266,4
2267,6
2268,4
2269,2
2270,3
2271,4
2272,3
2273,4
2274,4
2275,6
2276,3
2277,6
2278,2
2279,2
2280,3
2281,3
2282,4
2283,3
2284,0
2285,3
2286,3
2287,3
2288,6
2289,4
2290,3
2291,6
2292,6
2293,5
2294,3
2295,3
2296,5
2297,6
2298,5
2299,3
2300,3
2301,2
2302,0
2303,2
2304,4
2305,3
2306,0
2307,6
2308,2
2309,5
2310,5
2311,5
2312,2
2313,6
2314,0
2315,5
2316,2
2317,0
2318,0
2319,3
2320,6
2321,6
2322,3
2323,2
2324,3
2325,0
2326,2
2327,4
2328,3
2329,6
2330,0
2331,0
2332,6
2333,3
2334,5
2335,3
2336,2
2337,6
2338,3
2339,3
2340,5
2341,4
2342,0
2343,6
2344,2
2345,2
2346,4
2347,5
2348,4
2349,6
2350,4
2351,5
2352,4
2353,2
2354,0
2355,3
2356,3
2357,5
2358,4
2359,3
2360,6
2361,2
2362,0
2363,5
2364,6
2365,4
2366,0
2367,6
2368,6
2369,3
2370,0
2371,6
2372,5
2373,2
2374,6
2375,3
2376,2
2377,4
2378,5
2379,2
2380,3
2381,6
2382,2
2383,3
2384,5
2385,2
2386,4
2387,3
2388,3
2389,5
2390,6
2391,2
2392,3
2393,3
2394,3
2395,4
2396,3
2397,0
2398,4
2399,4
2400,3
2401,5
2402,0
2403,4
2404,3
2405,0
2406,4
2407,2
2408,0
2409,4
2410,2
2411,6
2412,5
2413,0
2414,3
2415,5
2416,4
2417,4
2418,0
2419,3
2420,2
2421,0
2422,3
2423,6
2424,2
2425,3
2426,4
2427,2
2428,4
2429,0
2430,6
2431,0
2432,3
2433,0
2434,5
2435,2
2436,6
2437,0
2438,4
2439,3
2440,2
2441,5
2442,3
2443,3
2444,2
2445,5
2446,0
2447,4
2448,0
2449,6
2450,0
2451,3
2452,0
2453,3
2454,3
2455,4
2456,2
2457,3
2458,3
2459,2
2460,6
2461,3
2462,5
2463,5
2464,2
2465,3
2466,6
2467,2
2468,6
2469,2
2470,3
2471,3
2472,4
2473,3
2474,3
2475,3
2476,5
2477,4
2478,3
2479,3
2480,3
2481,3
2482,4
2483,6
2484,6
2485,4
2486,6
2487,2
2488,3
2489,5
2490,6
2491,4
2492,6
2493,2
2494,3
2495,0
2496,3
2497,3
2498,6
2499,3
2500,2
2501,4
2502,6
2503,4
2504,4
2505,3
2506,3
2507,2
2508,5
2509,0
2510,2
2511,0
2512,5
2513,3
2514,4
2515,0
2516,2
2517,4
2518,0
2519,4
2520,4
2521,0
2522,0
2523,6
2524,6
2525,0
2526,6
2527,6
2528,5
2529,3
2530,5
2531,2
2532,0
2533,4
2534,2
2535,0
2536,0
2537,3
2538,3
2539,4
2540,6
2541,5
2542,3
2543,0
2544,0
2545,3
2546,6
2547,4
2548,4
2549,3
2550,4
2551,6
2552,6
2553,2
2554,4
2555,6
2556,0
2557,3
2558,4
2559,0
2560,4
2561,0
2562,6
2563,0
2564,0
2565,4
2566,4
2567,2
2568,3
2569,3
2570,1
2571,2
2572,2
2573,3
2574,5
2575,5
2576,5
2577,4
2578,3
2579,3
2580,2
2581,6
2582,0
2583,3
2584,2
2585,4
2586,3
2587,3
2588,3
2589,2
2590,6
2591,2
2592,6
2593,4
2594,3
2595,6
2596,0
2597,4
2598,6
2599,0
2600,3
2601,5
2602,3
2603,3
2604,3
2605,5
2606,3
2607,0
2608,6
2609,0
2610,0
2611,2
2612,5
2613,3
2614,0
2615,0
2616,6
2617,0
2618,2
2619,6
2620,4
2621,3
2622,3
2623,4
2624,3
2625,0
2626,5
2627,0
2628,2
2629,6
2630,5
2631,6
2632,0
2633,3
2634,3
2635,0
2636,4
2637,3
2638,6
2639,4
2640,0
2641,6
2642,4
2643,6
2644,4
2645,0
2646,3
2647,5
2648,3
2649,6
2650,6
2651,3
2652,3
2653,4
2654,6
2655,5
2656,6
2657,3
2658,2
2659,5
2660,4
2661,0
2662,3
2663,0
2664,2
2665,4
2666,3
2667,3
2668,2
2669,4
2670,3
2671,0
2672,0
2673,6
2674,2
2675,5
2676,4
2677,3
2678,3
2679,6
2680,6
2681,4
2682,3
2683,4
2684,3
2685,2
2686,2
2687,3
2688,3
2689,6
2690,4
2691,3
2692,4
2693,2
2694,5
2695,3
2696,3
2697,0
2698,3
2699,3
2700,2
2701,4
2702,0
2703,5
2704,0
2705,4
2706,2
2707,4
2708,6
2709,5
2710,4
2711,0
2712,4
2713,4
2714,5
2715,2
2716,0
2717,4
2718,3
2719,2
2720,3
2721,2
2722,4
2723,2
2724,3
2725,0
2726,6
2727,3
2728,6
2729,4
2730,2
2731,2
2732,4
2733,6
2734,3
2735,6
2736,4
2737,4
2738,0
2739,3
2740,2
2741,3
2742,0
2743,2
2744,4
2745,0
2746,3
2747,4
2748,2
2749,0
2750,0
2751,5
2752,0
2753,3
2754,0
2755,2
2756,5
2757,3
2758,3
2759,0
2760,3
2761,2
2762,6
2763,3
2764,3
2765,3
2766,0
2767,4
2768,3
2769,0
2770,5
2771,2
2772,0
2773,4
2774,4
2775,4
2776,6
2777,4
2778,3
2779,5
2780,0
2781,3
2782,2
2783,4
2784,3
2785,3
2786,4
2787,3
2788,4
2789,3
2790,0
2791,6
2792,5
2793,4
2794,2
2795,6
2796,0
2797,5
2798,4
2799,6
2800,6
2801,3
2802,3
2803,0
2804,4
2805,5
2806,3
2807,2
2808,4
2809,3
2810,6
2811,2
2812,4
2813,2
2814,0
2815,3
2816,4
2817,3
2818,0
2819,1
2820,2
2821,2
2822,0
2823,4
2824,5
2825,2
2826,3
2827,3
2828,3
2829,3
2830,5
2831,5
2832,3
2833,5
2834,6
2835,3
2836,4
2837,2
2838,3
2839,6
2840,3
2841,0
2842,3
2843,6
2844,3
2845,0
2846,3
2847,0
2848,3
2849,2
2850,0
2851,3
2852,0
2853,6
2854,6
2855,4
2856,5
2857,2
2858,2
2859,0
2860,6
2861,2
2862,6
2863,3
2864,4
2865,4
2866,2
2867,5
2868,3
2869,3
2870,6
2871,3
2872,0
2873,0
2874,0
2875,0
2876,6
2877,3
2878,3
2879,3
2880,3
2881,0
2882,0
2883,6
2884,0
2885,5
2886,6
2887,6
2888,0
2889,3
2890,3
2891,2
2892,5
2893,0
2894,2
2895,5
2896,6
2897,2
2898,5
2899,6
2900,3
2901,6
2902,0
2903,6
2904,3
2905,6
2906,6
2907,5
2908,3
2909,4
2910,5
2911,4
2912,4
2913,6
2914,3
2915,3
2916,4
2917,2
2918,3
2919,3
2920,5
2921,3
2922,6
2923,3
2924,3
2925,6
2926,2
2927,4
2928,3
2929,3
2930,4
2931,5
2932,0
2933,4
2934,3
2935,2
2936,3
2937,4
2938,6
2939,3
2940,3
2941,6
2942,4
2943,6
2944,3
2945,4
2946,5
2947,5
2948,4
2949,3
2950,2
2951,6
2952,2
2953,4
2954,6
2955,3
2956,5
2957,6
2958,5
2959,0
2960,3
2961,3
2962,5
2963,0
2964,0
2965,0
2966,5
2967,2
2968,3
2969,6
2970,0
2971,4
2972,3
2973,3
2974,4
2975,6
2976,0
2977,4
2978,0
2979,0
2980,5
2981,3
2982,3
2983,4
2984,4
2985,6
2986,2
2987,0
2988,5
2989,6
2990,5
2991,4
2992,0
2993,4
2994,4
2995,6
2996,0
2997,4
2998,3
2999,3
3000,4
3001,6
3002,0
3003,0
3004,0
3005,4
3006,0
3007,0
3008,3
3009,0
3010,2
3011,3
3012,6
3013,6
3014,3
3015,6
3016,3
3017,3
3018,4
3019,3
3020,6
3021,6
3022,3
3023,3
3024,4
3025,6
3026,2
3027,0
3028,6
3029,6
3030,5
3031,4
3032,3
3033,4
3034,3
3035,2
3036,2
3037,3
3038,5
3039,0
3040,0
3041,0
3042,2
3043,3
3044,2
3045,4
3046,3
3047,4
3048,4
3049,5
3050,6
3051,6
3052,0
3053,6
3054,3
3055,5
3056,4
3057,5
3058,6
3059,3
3060,3
3061,4
3062,4
3063,6
3064,6
3065,6
3066,3
3067,2
3068,0
3069,2
3070,3
3071,4
3072,0
3073,3
3074,4
3075,4
3076,5
3077,2
3078,2
3079,4
3080,1
3081,3
3082,3
3083,3
3084,6
3085,3
3086,0
3087,0
3088,4
3089,2
3090,3
3091,6
3092,4
3093,6
3094,5
3095,5
3096,3
3097,4
3098,3
3099,0
3100,3
3101,6
3102,3
3103,3
3104,3
3105,4
3106,0
3107,4
3108,3
3109,2
3110,2
3111,6
3112,6
3113,3
3114,3
3115,0
3116,4
3117,5
3118,4
3119,0
3120,4
3121,1
3122,0
3123,2
3124,3
3125,3
3126,0
3127,4
3128,6
3129,4
3130,2
3131,3
3132,2
3133,0
3134,3
3135,2
3136,3
3137,2
3138,6
3139,6
3140,5
3141,2
3142,2
3143,0
3144,0
3145,5
3146,2
3147,5
3148,2
3149,3
3150,3
3151,0
3152,5
3153,0
3154,3
3155,2
3156,6
3157,0
3158,4
3159,4
3160,5
3161,6
3162,0
3163,4
3164,2
3165,0
3166,2
3167,4
3168,6
3169,6
3170,0
3171,6
3172,3
3173,5
3174,2
3175,6
3176,4
3177,5
3178,5
3179,3
3180,4
3181,0
3182,3
3183,2
3184,6
3185,5
3186,6
3187,4
3188,2
3189,0
3190,0
3191,4
3192,2
3193,4
3194,3
3195,4
3196,4
3197,3
3198,0
3199,3
3200,4
3201,2
3202,0
3203,6
3204,3
3205,5
3206,3
3207,3
3208,6
3209,0
3210,2
3211,4
3212,6
3213,4
3214,4
3215,5
3216,0
3217,2
3218,4
3219,2
3220,0
3221,0
3222,6
3223,6
3224,3
3225,3
3226,3
3227,3
3228,6
3229,6
3230,0
3231,5
3232,6
3233,6
3234,3
3235,6
3236,6
3237,3
3238,6
3239,0
3240,2
3241,2
3242,0
3243,2
3244,0
3245,4
3246,3
3247,3
3248,6
3249,4
3250,2
3251,2
3252,3
3253,0
3254,2
3255,3
3256,6
3257,6
3258,3
3259,2
3260,2
3261,4
3262,3
3263,3
3264,3
3265,6
3266,4
3267,5
3268,5
3269,2
3270,3
3271,3
3272,3
3273,5
3274,0
3275,2
3276,6
3277,6
3278,6
3279,0
3280,3
3281,4
3282,5
3283,3
3284,3
3285,5
3286,2
3287,5
3288,2
3289,3
3290,6
3291,4
3292,0
3293,5
3294,4
3295,4
3296,2
3297,3
3298,6
3299,2
3300,2
3301,4
3302,6
3303,4
3304,4
3305,5
3306,0
3307,6
3308,3
3309,3
3310,3
3311,5
3312,6
3313,4
3314,2
3315,0
3316,4
3317,0
3318,6
3319,5
3320,5
3321,4
3322,3
3323,5
3324,4
3325,0
3326,2
3327,0
3328,6
3329,6
3330,2
3331,0
3332,4
3333,2
3334,4
3335,2
3336,4
3337,6
3338,6
3339,6
3340,0
3341,0
3342,6
3343,3
3344,3
3345,4
3346,0
3347,3
3348,0
3349,0
3350,6
3351,4
3352,5
3353,4
3354,4
3355,3
3356,0
3357,3
3358,3
3359,6
3360,3
3361,4
3362,0
3363,0
3364,5
3365,0
3366,3
3367,6
3368,4
3369,2
3370,2
3371,3
3372,3
3373,3
3374,3
3375,5
3376,4
3377,4
3378,3
3379,3
3380,5
3381,0
3382,3
3383,5
3384,2
3385,3
3386,3
3387,0
3388,0
3389,2
3390,2
3391,4
3392,3
3393,5
3394,0
3395,4
3396,2
3397,4
3398,3
3399,4
3400,3
3401,4
3402,2
3403,4
3404,6
3405,4
3406,6
3407,3
3408,2
3409,5
3410,3
3411,6
3412,3
3413,0
3414,0
3415,4
3416,3
3417,0
3418,0
3419,6
3420,5
3421,4
3422,4
3423,6
3424,5
3425,6
3426,4
3427,2
3428,6
3429,6
3430,5
3431,0
3432,3
3433,4
3434,2
3435,3
3436,6
3437,3
3438,2
3439,4
3440,2
3441,6
3442,4
3443,5
3444,6
3445,3
3446,5
3447,2
3448,4
3449,3
3450,3
3451,6
3452,4
3453,4
3454,5
3455,5
3456,6
3457,3
3458,3
3459,4
3460,0
3461,6
3462,4
3463,2
3464,5
3465,0
3466,0
3467,3
3468,6
3469,6
3470,2
3471,2
3472,6
3473,5
3474,5
3475,3
3476,4
3477,3
3478,0
3479,5
3480,5
3481,4
3482,4
3483,3
3484,4
3485,4
3486,2
3487,0
3488,3
3489,6
3490,6
3491,6
3492,0
3493,6
3494,5
3495,6
3496,0
3497,0
3498,2
3499,0
3500,0
3501,2
3502,3
3503,3
3504,4
3505,5
3506,3
3507,2
3508,3
3509,3
3510,6
3511,6
3512,2
3513,4
3514,6
3515,0
3516,3
3517,3
3518,4
3519,4
3520,4
3521,3
3522,3
3523,0
3524,4
3525,2
3526,0
3527,0
3528,3
3529,4
3530,2
3531,2
3532,0
3533,4
3534,6
3535,0
3536,2
3537,0
3538,4
3539,6
3540,3
3541,3
3542,4
3543,4
3544,4
3545,5
3546,6
3547,5
3548,3
3549,3
3550,4
3551,0
3552,0
3553,5
3554,4
3555,5
3556,6
3557,6
3558,3
3559,6
3560,3
3561,5
3562,5
3563,4
3564,4
3565,5
3566,3
3567,2
3568,4
3569,4
3570,3
3571,3
3572,0
3573,3
3574,3
3575,6
3576,3
3577,0
3578,2
3579,4
3580,6
3581,6
3582,5
3583,0
3584,3
3585,5
3586,2
3587,3
3588,5
3589,3
3590,4
3591,6
3592,0
3593,3
3594,5
3595,3
3596,4
3597,3
3598,3
3599,6
3600,3
3601,2
3602,3
3603,4
3604,0
3605,2
3606,4
3607,6
3608,2
3609,3
3610,2
3611,0
3612,6
3613,4
3614,3
3615,2
3616,5
3617,3
3618,1
3619,0
3620,0
3621,5
3622,4
3623,2
3624,3
3625,5
3626,2
3627,3
3628,0
3629,6
3630,4
3631,1
3632,3
3633,6
3634,1
3635,5
3636,5
3637,2
3638,3
3639,3
3640,5
3641,6
3642,3
3643,4
3644,3
3645,0
3646,4
3647,5
3648,6
3649,3
3650,3
3651,4
3652,4
3653,3
3654,4
3655,6
3656,3
3657,4
3658,6
3659,6
3660,0
3661,6
3662,6
3663,3
3664,6
3665,3
3666,3
3667,5
3668,2
3669,6
3670,4
3671,4
3672,4
3673,5
3674,4
3675,6
3676,0
3677,4
3678,4
3679,3
3680,3
3681,3
3682,3
3683,3
3684,5
3685,2
3686,6
3687,5
3688,3
3689,6
3690,2
3691,6
3692,3
3693,0
3694,5
3695,5
3696,0
3697,3
3698,3
3699,0
3700,2
3701,3
3702,3
3703,5
3704,4
3705,3
3706,2
3707,6
3708,3
3709,4
3710,3
3711,3
3712,5
3713,3
3714,2
3715,5
3716,4
3717,6
3718,0
3719,6
3720,6
3721,6
3722,4
3723,3
3724,0
3725,4
3726,2
3727,0
3728,4
3729,3
3730,4
3731,3
3732,2
3733,6
3734,6
3735,0
3736,2
3737,3
3738,4
3739,2
3740,6
3741,4
3742,2
3743,4
3744,4
3745,2
3746,0
3747,6
3748,0
3749,0
3750,6
3751,3
3752,2
3753,6
3754,3
3755,0
3756,5
3757,6
3758,6
3759,3
3760,3
3761,4
3762,6
3763,2
3764,3
3765,0
3766,5
3767,0
3768,4
3769,6
3770,3
3771,6
3772,5
3773,3
3774,3
3775,5
3776,6
3777,4
3778,0
3779,3
3780,4
3781,2
3782,6
3783,5
3784,4
3785,6
3786,4
3787,4
3788,3
3789,4
3790,4
3791,0
3792,6
3793,3
3794,6
3795,4
3796,2
3797,3
3798,6
3799,3
3800,6
3801,3
3802,4
3803,2
3804,5
3805,4
3806,3
3807,6
3808,2
3809,3
3810,4
3811,2
3812,2
3813,0
3814,3
3815,0
3816,4
3817,6
3818,0
3819,6
3820,2
3821,0
3822,3
3823,4
3824,5
3825,3
3826,3
3827,4
3828,6
3829,4
3830,3
3831,3
3832,4
3833,0
3834,0
3835,3
3836,5
3837,4
3838,2
3839,5
3840,6
3841,3
3842,2
3843,4
3844,3
3845,4
3846,3
3847,6
3848,6
3849,3
3850,0
3851,4
3852,5
3853,0
3854,4
3855,2
3856,4
3857,0
3858,3
3859,3
3860,4
3861,3
3862,3
3863,6
3864,0
3865,3
3866,3
3867,4
3868,2
3869,6
3870,3
3871,4
3872,3
3873,4
3874,0
3875,6
3876,4
3877,6
3878,0
3879,4
3880,0
3881,6
3882,0
3883,4
3884,6
3885,4
3886,4
3887,5
3888,2
3889,4
3890,4
3891,6
3892,0
3893,3
3894,6
3895,5
3896,0
3897,4
3898,0
3899,3
3900,6
3901,3
3902,3
3903,3
3904,4
3905,4
3906,0
3907,3
3908,6
3909,3
3910,2
3911,5
3912,6
3913,6
3914,5
3915,2
3916,4
3917,0
3918,4
3919,4
3920,0
3921,2
3922,6
3923,3
3924,2
3925,4
3926,3
3927,4
3928,0
3929,5
3930,3
3931,6
3932,3
3933,2
3934,0
3935,6
3936,3
3937,3
3938,5
3939,3
3940,3
3941,4
3942,3
3943,1
3944,2
3945,2
3946,5
3947,2
3948,6
3949,3
3950,3
3951,5
3952,2
3953,4
3954,3
3955,6
3956,3
3957,4
3958,6
3959,4
3960,5
3961,5
3962,5
3963,0
3964,1
3965,0
3966,6
3967,6
3968,6
3969,5
3970,3
3971,2
3972,2
3973,3
3974,0
3975,6
3976,6
3977,3
3978,0
3979,3
3980,4
3981,5
3982,6
3983,3
3984,0
3985,6
3986,0
3987,0
3988,2
3989,4
3990,3
3991,3
3992,2
3993,3
3994,3
3995,5
3996,3
3997,0
3998,2
3999,0
4000,6
4001,3
4002,0
4003,6
4004,4
4005,6
4006,3
4007,4
4008,3
4009,3
4010,4
4011,5
4012,2
4013,3
4014,4
4015,0
4016,0
4017,5
4018,3
4019,3
4020,6
4021,2
4022,6
4023,2
4024,3
4025,0
4026,4
4027,3
4028,6
4029,6
4030,6
4031,2
4032,3
4033,4
4034,6
4035,5
4036,0
4037,2
4038,5
4039,3
4040,3
4041,4
4042,4
4043,4
4044,3
4045,6
4046,4
4047,6
4048,4
4049,3
4050,3
4051,3
4052,4
4053,0
4054,2
4055,4
4056,6
4057,4
4058,2
4059,5
4060,3
4061,3
4062,4
4063,6
4064,3
4065,3
4066,0
4067,3
4068,4
4069,3
4070,3
4071,3
4072,0
4073,5
4074,4
4075,0
4076,3
4077,3
4078,3
4079,0
4080,4
4081,2
4082,4
4083,4
4084,4
4085,3
4086,3
4087,3
4088,6
4089,2
4090,2
4091,6
4092,2
4093,4
4094,6
4095,5
4096,3
4097,2
4098,2
4099,3
4100,3
4101,0
4102,4
4103,0
4104,3
4105,5
4106,3
4107,2
4108,0
4109,2
4110,0
4111,6
4112,3
4113,6
4114,2
4115,3
4116,5
4117,3
4118,6
4119,4
4120,6
4121,6
4122,3
4123,2
4124,0
4125,4
4126,3
4127,3
4128,4
4129,4
4130,6
4131,5
4132,4
4133,4
4134,2
4135,0
4136,3
4137,4
4138,2
4139,4
4140,4
4141,3
4142,6
4143,5
4144,6
4145,2
4146,2
4147,4
4148,6
4149,6
4150,4
4151,0
4152,6
4153,6
4154,4
4155,2
4156,6
4157,4
4158,3
4159,5
4160,4
4161,5
4162,0
4163,5
4164,5
4165,4
4166,6
4167,4
4168,2
4169,3
4170,4
4171,6
4172,2
4173,5
4174,6
4175,0
4176,4
4177,4
4178,3
4179,2
4180,3
4181,3
4182,4
4183,0
4184,5
4185,3
4186,5
4187,0
4188,4
4189,2
4190,3
4191,3
4192,3
4193,5
4194,2
4195,6
4196,3
4197,0
4198,3
4199,0
4200,3
4201,6
4202,4
4203,5
4204,4
4205,3
4206,5
4207,5
4208,4
4209,2
4210,0
4211,3
4212,2
4213,3
4214,4
4215,3
4216,5
4217,6
4218,6
4219,3
4220,2
4221,4
4222,3
4223,0
4224,6
4225,4
4226,4
4227,3
4228,3
4229,0
4230,3
4231,4
4232,2
4233,5
4234,3
4235,4
4236,3
4237,0
4238,2
4239,6
4240,3
4241,3
4242,3
4243,3
4244,4
4245,4
4246,0
4247,3
4248,3
4249,4
4250,2
4251,6
4252,4
4253,4
4254,3
4255,0
4256,6
4257,6
4258,5
4259,6
4260,4
4261,0
4262,2
4263,0
4264,6
4265,0
4266,3
4267,5
4268,4
4269,0
4270,3
4271,0
4272,4
4273,6
4274,3
4275,3
4276,3
4277,5
4278,4
4279,0
4280,3
4281,0
4282,3
4283,3
4284,0
4285,6
4286,6
4287,3
4288,3
4289,3
4290,5
4291,3
4292,4
4293,3
4294,5
4295,2
4296,4
4297,6
4298,4
4299,6
4300,3
4301,3
4302,2
4303,4
4304,4
4305,0
4306,2
4307,0
4308,5
4309,6
4310,6
4311,3
4312,6
4313,0
4314,6
4315,3
4316,4
4317,2
4318,2
4319,3
4320,4
4321,4
4322,6
4323,3
4324,2
4325,2
4326,6
4327,3
4328,3
4329,5
4330,4
4331,0
4332,6
4333,5
4334,0
4335,6
4336,3
4337,3
4338,4
4339,4
4340,3
4341,6
4342,3
4343,2
4344,4
4345,3
4346,3
4347,3
4348,2
4349,0
4350,6
4351,2
4352,5
4353,5
4354,5
4355,3
4356,0
4357,0
4358,3
4359,4
4360,0
4361,3
4362,6
4363,0
4364,3
4365,4
4366,3
4367,6
4368,4
4369,6
4370,3
4371,3
4372,3
4373,0
4374,0
4375,5
4376,2
4377,0
4378,6
4379,3
4380,0
4381,0
4382,2
4383,2
4384,4
4385,4
4386,2
4387,6
4388,5
4389,4
4390,6
4391,4
4392,4
4393,6
4394,6
4395,2
4396,3
4397,6
4398,4
4399,3
4400,5
4401,3
4402,0
4403,3
4404,6
4405,3
4406,6
4407,5
4408,2
4409,6
4410,2
4411,6
4412,6
4413,0
4414,2
4415,6
4416,6
4417,6
4418,4
4419,6
4420,4
4421,6
4422,6
4423,2
4424,3
4425,4
4426,5
4427,4
4428,2
4429,3
4430,0
4431,3
4432,6
4433,0
4434,2
4435,5
4436,2
4437,4
4438,2
4439,0
4440,5
4441,4
4442,4
4443,3
4444,1
4445,6
4446,4
4447,1
4448,6
4449,4
4450,3
4451,3
4452,0
4453,3
4454,6
4455,3
4456,6
4457,6
4458,3
4459,3
4460,6
4461,3
4462,3
4463,5
4464,5
4465,4
4466,3
4467,2
4468,0
4469,5
4470,3
4471,3
4472,2
4473,6
4474,3
4475,5
4476,0
4477,4
4478,0
4479,0
4480,6
4481,0
4482,6
4483,6
4484,0
4485,4
4486,0
4487,5
4488,0
4489,6
4490,3
4491,6
4492,3
4493,3
4494,6
4495,4
4496,2
4497,2
4498,4
4499,3
4500,6
4501,4
4502,6
4503,4
4504,0
4505,4
4506,3
4507,0
4508,4
4509,4
4510,4
4511,0
4512,3
4513,5
4514,3
4515,4
4516,6
4517,6
4518,3
4519,4
4520,4
4521,0
4522,4
4523,3
4524,5
4525,5
4526,3
4527,6
4528,2
4529,3
4530,2
4531,4
4532,3
4533,3
4534,3
4535,5
4536,3
4537,4
4538,3
4539,3
4540,3
4541,6
4542,3
4543,5
4544,6
4545,5
4546,6
4547,5
4548,5
4549,6
4550,5
4551,0
4552,6
4553,3
4554,6
4555,3
4556,2
4557,5
4558,3
4559,4
4560,4
4561,2
4562,3
4563,4
4564,6
4565,4
4566,4
4567,3
4568,6
4569,0
4570,6
4571,6
4572,3
4573,3
4574,3
4575,3
4576,3
4577,3
4578,0
4579,5
4580,5
4581,0
4582,0
4583,2
4584,3
4585,0
4586,4
4587,2
4588,4
4589,6
4590,3
4591,0
4592,3
4593,3
4594,6
4595,3
4596,0
4597,6
4598,5
4599,6
4600,3
4601,4
4602,6
4603,4
4604,3
4605,2
4606,3
4607,3
4608,0
4609,0
4610,6
4611,4
4612,4
4613,2
4614,6
4615,5
4616,0
4617,0
4618,5
4619,1
4620,3
4621,0
4622,4
4623,3
4624,3
4625,2
4626,3
4627,4
4628,3
4629,6
4630,4
4631,4
4632,3
4633,0
4634,0
4635,3
4636,2
4637,3
4638,2
4639,5
4640,5
4641,6
4642,4
4643,3
4644,0
4645,2
4646,5
4647,4
4648,0
4649,5
4650,0
4651,3
4652,5
4653,2
4654,0
4655,6
4656,2
4657,0
4658,3
4659,0
4660,4
4661,4
4662,6
4663,3
4664,6
4665,4
4666,0
4667,3
4668,3
4669,3
4670,4
4671,0
4672,0
4673,3
4674,0
4675,6
4676,4
4677,3
4678,3
4679,6
4680,4
4681,4
4682,5
4683,5
4684,6
4685,0
4686,0
4687,6
4688,5
4689,3
4690,4
4691,3
4692,3
4693,3
4694,6
4695,0
4696,3
4697,0
4698,6
4699,0
4700,0
4701,6
4702,4
4703,2
4704,4
4705,1
4706,4
4707,5
4708,6
4709,2
4710,6
4711,3
4712,5
4713,5
4714,2
4715,6
4716,0
4717,4
4718,5
4719,6
4720,6
4721,4
4722,2
4723,3
4724,3
4725,2
4726,6
4727,6
4728,6
4729,2
4730,4
4731,5
4732,4
4733,3
4734,5
4735,4
4736,5
4737,2
4738,3
4739,2
4740,4
4741,3
4742,2
4743,5
4744,3
4745,6
4746,3
4747,4
4748,3
4749,6
4750,2
4751,3
4752,3
4753,2
4754,5
4755,5
4756,2
4757,4
4758,0
4759,6
4760,6
4761,2
4762,5
4763,3
4764,5
4765,3
4766,4
4767,0
4768,4
4769,5
4770,3
4771,2
4772,5
4773,3
4774,3
4775,5
4776,4
4777,6
4778,6
4779,0
4780,4
4781,5
4782,0
4783,0
4784,3
4785,5
4786,4
4787,4
4788,6
4789,4
4790,2
4791,4
4792,3
4793,6
4794,2
4795,3
4796,6
4797,2
4798,0
4799,3
4800,3
4801,4
4802,6
4803,5
4804,0
4805,3
4806,4
4807,6
4808,2
4809,2
4810,6
4811,2
4812,5
4813,3
4814,0
4815,0
4816,0
4817,2
4818,0
4819,6
4820,0
4821,5
4822,5
4823,6
4824,0
4825,4
4826,3
4827,4
4828,4
4829,5
4830,0
4831,5
4832,3
4833,4
4834,6
4835,0
4836,6
4837,2
4838,4
4839,4
4840,6
4841,4
4842,3
4843,5
4844,6
4845,4
4846,2
4847,5
4848,0
4849,6
4850,4
4851,3
4852,2
4853,6
4854,4
4855,0
4856,3
4857,3
4858,3
4859,0
4860,0
4861,0
4862,2
4863,4
4864,6
4865,4
4866,4
4867,6
4868,4
4869,0
4870,5
4871,2
4872,2
4873,4
4874,2
4875,3
4876,6
4877,0
4878,6
4879,0
4880,5
4881,4
4882,3
4883,2
4884,3
4885,6
4886,5
4887,0
4888,4
4889,3
4890,3
4891,3
4892,5
4893,4
4894,2
4895,0
4896,4
4897,4
4898,3
4899,3
4900,6
4901,0
4902,3
4903,2
4904,3
4905,0
4906,6
4907,6
4908,3
4909,5
4910,2
4911,6
4912,4
4913,0
4914,6
4915,5
4916,4
4917,0
4918,3
4919,3
4920,0
4921,5
4922,5
4923,2
4924,4
4925,3
4926,4
4927,2
4928,0
4929,6
4930,6
4931,6
4932,5
4933,3
4934,0
4935,4
4936,6
4937,4
4938,4
4939,5
4940,6
4941,4
4942,4
4943,4
4944,2
4945,5
4946,3
4947,5
4948,2
4949,6
4950,4
4951,2
4952,2
4953,6
4954,2
4955,2
4956,3
4957,3
4958,4
4959,5
4960,4
4961,6
4962,3
4963,6
4964,2
4965,2
4966,4
4967,4
4968,4
4969,3
4970,6
4971,5
4972,4
4973,4
4974,2
4975,0
4976,3
4977,6
4978,6
4979,4
4980,2
4981,5
4982,4
4983,4
4984,0
4985,3
4986,4
4987,3
4988,4
4989,0
4990,2
4991,0
4992,0
4993,0
4994,6
4995,0
4996,6
4997,3
4998,3
4999,4
5000,6
5001,2
5002,3
5003,6
5004,3
5005,3
5006,6
5007,3
5008,2
5009,3
5010,0
5011,4
5012,3
5013,4
5014,4
5015,6
5016,3
5017,3
5018,4
5019,4
5020,0
5021,1
5022,6
5023,3
5024,3
5025,3
5026,5
5027,5
5028,2
5029,6
5030,6
5031,3
5032,3
5033,6
5034,3
5035,5
5036,4
5037,5
5038,3
5039,3
5040,4
5041,5
5042,3
5043,6
5044,5
5045,6
5046,3
5047,4
5048,4
5049,5
5050,4
5051,3
5052,6
5053,2
5054,3
5055,0
5056,0
5057,6
5058,0
5059,5
5060,4
5061,6
5062,3
5063,3
5064,4
5065,3
5066,6
5067,4
5068,0
5069,3
5070,3
5071,6
5072,6
5073,3
5074,3
5075,3
5076,6
5077,0
5078,3
5079,6
5080,6
5081,2
5082,6
5083,6
5084,3
5085,6
5086,6
5087,3
5088,6
5089,3
5090,3
5091,3
5092,4
5093,5
5094,3
5095,3
5096,2
5097,3
5098,3
5099,6
5100,3
5101,3
5102,3
5103,6
5104,5
5105,0
5106,3
5107,3
5108,6
5109,3
5110,3
5111,3
5112,0
5113,4
5114,4
5115,1
5116,3
5117,4
5118,0
5119,3
5120,4
5121,2
5122,6
5123,4
5124,4
5125,3
5126,3
5127,6
5128,6
5129,0
5130,2
5131,5
5132,3
5133,4
5134,5
5135,5
5136,0
5137,3
5138,6
5139,0
5140,3
5141,0
5142,2
5143,2
5144,6
5145,6
5146,6
5147,4
5148,3
5149,6
5150,6
5151,4
5152,6
5153,3
5154,6
5155,3
5156,2
5157,4
5158,4
5159,4
5160,5
5161,3
5162,3
5163,6
5164,4
5165,0
5166,5
5167,3
5168,4
5169,6
5170,6
5171,4
5172,6
5173,3
5174,2
5175,2
5176,3
5177,0
5178,6
5179,4
5180,3
5181,5
5182,3
5183,6
5184,3
5185,4
5186,5
5187,0
5188,2
5189,6
5190,0
5191,2
5192,2
5193,4
5194,3
5195,6
5196,3
5197,6
5198,6
5199,4
5200,0
5201,5
5202,0
5203,2
5204,2
5205,5
5206,6
5207,6
5208,3
5209,5
5210,4
5211,3
5212,2
5213,0
5214,5
5215,4
5216,6
5217,4
5218,4
5219,3
5220,3
5221,6
5222,6
5223,4
5224,3
5225,6
5226,5
5227,6
5228,5
5229,0
5230,2
5231,3
5232,3
5233,2
5234,4
5235,6
5236,3
5237,3
5238,5
5239,3
5240,3
5241,0
5242,6
5243,6
5244,0
5245,4
5246,3
5247,0
5248,4
5249,4
5250,0
5251,3
5252,3
5253,4
5254,6
5255,6
5256,2
5257,2
5258,4
5259,3
5260,0
5261,5
5262,3
5263,2
5264,5
5265,3
5266,0
5267,3
5268,3
5269,6
5270,3
5271,4
5272,3
5273,3
5274,4
5275,3
5276,5
5277,3
5278,5
5279,0
5280,6
5281,6
5282,3
5283,5
5284,2
5285,3
5286,0
5287,6
5288,4
5289,3
5290,4
5291,4
5292,4
5293,0
5294,0
5295,3
5296,2
5297,0
5298,5
5299,3
5300,4
5301,3
5302,0
5303,6
5304,2
5305,4
5306,5
5307,2
5308,3
5309,1
5310,2
5311,0
5312,0
5313,2
5314,2
5315,2
5316,4
5317,6
5318,0
5319,2
5320,0
5321,3
5322,2
5323,3
5324,4
5325,2
5326,3
5327,5
5328,4
5329,2
5330,6
5331,0
5332,2
5333,4
5334,6
5335,3
5336,3
5337,0
5338,2
5339,6
5340,6
5341,2
5342,4
5343,5
5344,4
5345,3
5346,6
5347,0
5348,6
5349,3
5350,4
5351,3
5352,3
5353,6
5354,3
5355,4
5356,6
5357,5
5358,3
5359,0
5360,4
5361,5
5362,2
5363,5
5364,6
5365,5
5366,4
5367,3
5368,4
5369,6
5370,6
5371,2
5372,4
5373,5
5374,3
5375,0
5376,6
5377,4
5378,6
5379,6
5380,0
5381,3
5382,5
5383,4
5384,4
5385,6
5386,5
5387,3
5388,6
5389,0
5390,6
5391,3
5392,2
5393,4
5394,6
5395,4
5396,4
5397,3
5398,2
5399,3
5400,0
5401,4
5402,2
5403,0
5404,2
5405,0
5406,3
5407,2
5408,3
5409,4
5410,4
5411,0
5412,6
5413,6
5414,2
5415,2
5416,3
5417,3
5418,6
5419,0
5420,3
5421,0
5422,3
5423,0
5424,6
5425,6
5426,3
5427,4
5428,3
5429,2
5430,3
5431,2
5432,3
5433,6
5434,2
5435,3
5436,4
5437,6
5438,2
5439,6
5440,5
5441,6
5442,3
5443,4
5444,6
5445,4
5446,6
5447,6
5448,0
5449,3
5450,3
5451,6
5452,4
5453,0
5454,3
5455,0
5456,2
5457,5
5458,2
5459,0
5460,5
5461,2
5462,6
5463,6
5464,6
5465,0
5466,4
5467,6
5468,6
5469,3
5470,2
5471,5
5472,0
5473,2
5474,0
5475,3
5476,0
5477,0
5478,3
5479,2
5480,6
5481,4
5482,3
5483,4
5484,4
5485,0
5486,4
5487,0
5488,0
5489,2
5490,2
5491,6
5492,6
5493,4
5494,3
5495,3
5496,3
5497,2
5498,0
5499,0
5500,5
5501,0
5502,3
5503,3
5504,0
5505,6
5506,2
5507,3
5508,0
5509,2
5510,3
5511,6
5512,2
5513,5
5514,3
5515,3
5516,2
5517,5
5518,5
5519,3
5520,3
5521,2
5522,0
5523,3
5524,3
5525,2
5526,0
5527,4
5528,3
5529,3
5530,4
5531,5
5532,3
5533,4
5534,6
5535,5
5536,3
5537,6
5538,3
5539,3
5540,2
5541,4
5542,6
5543,4
5544,2
5545,3
5546,6
5547,5
5548,1
5549,5
5550,3
5551,6
5552,3
5553,6
5554,3
5555,0
5556,2
5557,3
5558,0
5559,5
5560,2
5561,3
5562,3
5563,0
5564,6
5565,2
5566,0
5567,4
5568,6
5569,0
5570,0
5571,2
5572,4
5573,3
5574,0
5575,0
5576,4
5577,3
5578,6
5579,3
5580,0
5581,6
5582,6
5583,6
5584,2
5585,2
5586,3
5587,3
5588,0
5589,3
5590,3
5591,6
5592,3
5593,6
5594,6
5595,0
5596,4
5597,4
5598,2
5599,0
5600,4
5601,6
5602,4
5603,4
5604,6
5605,2
5606,0
5607,4
5608,5
5609,3
5610,3
5611,0
5612,5
5613,3
5614,3
5615,0
5616,0
5617,4
5618,2
5619,3
5620,6
5621,6
5622,5
5623,6
5624,3
5625,4
5626,0
5627,3
5628,5
5629,0
5630,2
5631,3
5632,3
5633,3
5634,0
5635,3
5636,6
5637,2
5638,6
5639,0
5640,4
5641,0
5642,2
5643,0
5644,6
5645,3
5646,2
5647,6
5648,3
5649,3
5650,5
5651,6
5652,2
5653,5
5654,2
5655,3
5656,3
5657,5
5658,2
5659,5
5660,2
5661,6
5662,2
5663,2
5664,5
5665,6
5666,0
5667,3
5668,3
5669,0
5670,4
5671,4
5672,3
5673,6
5674,4
5675,2
5676,2
5677,6
5678,4
5679,3
5680,3
5681,6
5682,0
5683,0
5684,2
5685,2
5686,6
5687,0
5688,3
5689,3
5690,5
5691,3
5692,4
5693,0
5694,6
5695,6
5696,4
5697,3
5698,3
5699,3
5700,5
5701,5
5702,5
5703,3
5704,2
5705,4
5706,2
5707,2
5708,0
5709,6
5710,0
5711,3
5712,4
5713,0
5714,0
5715,3
5716,2
5717,4
5718,2
5719,4
5720,3
5721,6
5722,6
5723,6
5724,3
5725,6
5726,4
5727,2
5728,6
5729,3
5730,0
5731,2
5732,3
5733,3
5734,3
5735,6
5736,2
5737,0
5738,3
5739,4
5740,3
5741,6
5742,2
5743,3
5744,0
5745,3
5746,3
5747,3
5748,2
5749,3
5750,2
5751,6
5752,6
5753,6
5754,6
5755,3
5756,0
5757,5
5758,0
5759,4
5760,2
5761,3
5762,3
5763,3
5764,3
5765,3
5766,0
5767,0
5768,4
5769,6
5770,3
5771,2
5772,6
5773,6
5774,6
5775,6
5776,3
5777,4
5778,2
5779,4
5780,2
5781,0
5782,0
5783,4
5784,3
5785,3
5786,2
5787,2
5788,5
5789,3
5790,3
5791,3
5792,3
5793,6
5794,2
5795,5
5796,0
5797,4
5798,3
5799,3
5800,4
5801,5
5802,4
5803,6
5804,5
5805,5
5806,3
5807,3
5808,3
5809,4
5810,4
5811,3
5812,6
5813,0
5814,6
5815,6
5816,6
5817,4
5818,6
5819,2
5820,3
5821,4
5822,6
5823,3
5824,4
5825,0
5826,5
5827,4
5828,0
5829,0
5830,5
5831,4
5832,3
5833,5
5834,4
5835,3
5836,6
5837,4
5838,4
5839,2
5840,3
5841,0
5842,3
5843,3
5844,6
5845,4
5846,3
5847,2
5848,3
5849,2
5850,6
5851,6
5852,5
5853,5
5854,3
5855,1
5856,5
5857,4
5858,3
5859,6
5860,3
5861,0
5862,4
5863,3
5864,0
5865,2
5866,0
5867,6
5868,6
5869,5
5870,5
5871,2
5872,0
5873,4
5874,6
5875,0
5876,6
5877,4
5878,5
5879,3
5880,2
5881,6
5882,5
5883,0
5884,4
5885,3
5886,4
5887,4
5888,0
5889,3
5890,6
5891,3
5892,5
5893,6
5894,0
5895,6
5896,6
5897,0
5898,5
5899,0
5900,5
5901,5
5902,2
5903,3
5904,4
5905,2
5906,3
5907,4
5908,0
5909,6
5910,6
5911,4
5912,3
5913,0
5914,4
5915,4
5916,5
5917,3
5918,6
5919,6
5920,2
5921,6
5922,6
5923,6
5924,2
5925,3
5926,0
5927,0
5928,2
5929,6
5930,0
5931,4
5932,3
5933,2
5934,6
5935,0
5936,2
5937,0
5938,4
5939,3
5940,5
5941,0
5942,4
5943,2
5944,4
5945,4
5946,5
5947,6
5948,0
5949,4
5950,2
5951,3
5952,6
5953,6
5954,1
5955,0
5956,3
5957,5
5958,0
5959,1
5960,4
5961,6
5962,0
5963,3
5964,6
5965,4
5966,6
5967,6
5968,3
5969,4
5970,4
5971,4
5972,3
5973,5
5974,6
5975,6
5976,3
5977,2
5978,5
5979,6
5980,4
5981,0
5982,3
5983,5
5984,5
5985,3
5986,0
5987,0
5988,3
5989,6
5990,6
5991,6
5992,2
5993,6
5994,2
5995,3
5996,3
5997,6
5998,3
5999,3
6000,4
6001,3
6002,2
6003,0
6004,6
6005,4
6006,0
6007,0
6008,2
6009,5
6010,0
6011,6
6012,3
6013,3
6014,6
6015,5
6016,6
6017,5
6018,3
6019,4
6020,6
6021,5
6022,3
6023,5
6024,0
6025,0
6026,6
6027,3
6028,0
6029,4
6030,3
6031,4
6032,5
6033,6
6034,3
6035,6
6036,3
6037,6
6038,0
6039,4
6040,3
6041,3
6042,0
6043,5
6044,4
6045,4
6046,0
6047,3
6048,5
6049,3
6050,4
6051,3
6052,5
6053,6
6054,6
6055,2
6056,0
6057,6
6058,6
6059,6
6060,3
6061,0
6062,3
6063,3
6064,3
6065,3
6066,4
6067,3
6068,3
6069,3
6070,5
6071,3
6072,6
6073,3
6074,4
6075,6
6076,6
6077,6
6078,6
6079,4
6080,4
6081,3
6082,3
6083,3
6084,6
6085,4
6086,0
6087,2
6088,6
6089,3
6090,5
6091,4
6092,4
6093,0
6094,4
6095,0
6096,3
6097,4
6098,2
6099,4
6100,2
6101,3
6102,3
6103,3
6104,3
6105,3
6106,4
6107,2
6108,0
6109,4
6110,0
6111,3
6112,3
6113,0
6114,4
6115,2
6116,6
6117,1
6118,4
6119,2
6120,4
6121,2
6122,4
6123,4
6124,3
6125,4
6126,4
6127,0
6128,5
6129,6
6130,2
6131,3
6132,0
6133,4
6134,3
6135,4
6136,4
6137,4
6138,4
6139,3
6140,4
6141,2
6142,6
6143,0
6144,5
6145,3
6146,4
6147,6
6148,2
6149,5
6150,5
6151,5
6152,4
6153,0
6154,3
6155,3
6156,3
6157,0
6158,3
6159,0
6160,3
6161,4
6162,3
6163,6
6164,5
6165,3
6166,3
6167,4
6168,4
6169,4
6170,0
6171,3
6172,3
6173,0
6174,2
6175,6
6176,0
6177,2
6178,6
6179,3
6180,2
6181,6
6182,3
6183,5
6184,3
6185,6
6186,2
6187,6
6188,4
6189,0
6190,6
6191,4
6192,6
6193,6
6194,2
6195,6
6196,4
6197,6
6198,4
6199,3
6200,3
6201,4
6202,4
6203,4
6204,2
6205,4
6206,3
6207,6
6208,0
6209,3
6210,2
6211,5
6212,4
6213,4
6214,6
6215,2
6216,3
6217,4
6218,2
6219,6
6220,6
6221,2
6222,2
6223,3
6224,6
6225,6
6226,0
6227,5
6228,5
6229,3
6230,3
6231,5
6232,0
6233,3
6234,4
6235,5
6236,2
6237,5
6238,3
6239,2
6240,0
6241,3
6242,4
6243,5
6244,4
6245,2
6246,0
6247,4
6248,1
6249,3
6250,5
6251,6
6252,3
6253,4
6254,4
6255,3
6256,3
6257,3
6258,2
6259,0
6260,6
6261,3
6262,3
6263,4
6264,0
6265,6
6266,5
6267,3
6268,6
6269,6
6270,3
6271,4
6272,4
6273,2
6274,5
6275,2
6276,6
6277,2
6278,2
6279,2
6280,2
6281,3
6282,5
6283,0
6284,3
6285,0
6286,3
6287,4
6288,4
6289,3
6290,3
6291,5
6292,4
6293,0
6294,4
6295,5
6296,3
6297,2
6298,2
6299,4
6300,0
6301,4
6302,4
6303,2
6304,2
6305,2
6306,6
6307,5
6308,2
6309,3
6310,0
6311,3
6312,4
6313,4
6314,3
6315,3
6316,3
6317,4
6318,6
6319,6
6320,5
6321,6
6322,6
6323,3
6324,3
6325,5
6326,6
6327,5
6328,0
6329,0
6330,4
6331,5
6332,4
6333,3
6334,5
6335,6
6336,3
6337,3
6338,5
6339,5
6340,4
6341,3
6342,2
6343,6
6344,3
6345,4
6346,6
6347,3
6348,4
6349,5
6350,3
6351,4
6352,3
6353,5
6354,4
6355,5
6356,4
6357,2
6358,6
6359,4
6360,6
6361,4
6362,3
6363,3
6364,3
6365,3
6366,4
6367,3
6368,5
6369,3
6370,6
6371,3
6372,3
6373,4
6374,3
6375,0
6376,5
6377,3
6378,0
6379,6
6380,0
6381,3
6382,0
6383,0
6384,5
6385,6
6386,6
6387,5
6388,2
6389,4
6390,6
6391,4
6392,6
6393,6
6394,0
6395,4
6396,3
6397,3
6398,3
6399,3
6400,5
6401,4
6402,6
6403,3
6404,6
6405,3
6406,2
6407,6
6408,6
6409,4
6410,4
6411,2
6412,3
6413,4
6414,4
6415,6
6416,3
6417,0
6418,3
6419,5
6420,2
6421,0
6422,5
6423,6
6424,0
6425,2
6426,5
6427,2
6428,3
6429,4
6430,4
6431,2
6432,0
6433,3
6434,3
6435,0
6436,3
6437,3
6438,3
6439,6
6440,0
6441,3
6442,4
6443,2
6444,2
6445,2
6446,4
6447,3
6448,6
6449,3
6450,5
6451,0
6452,2
6453,3
6454,0
6455,3
6456,5
6457,0
6458,3
6459,4
